<?xml version="1.0" encoding="UTF-8"?>
<project-private xmlns="http://www.netbeans.org/ns/project-private/1">
    <editor-bookmarks xmlns="http://www.netbeans.org/ns/editor-bookmarks/2" lastBookmarkId="0"/>
    <open-files xmlns="http://www.netbeans.org/ns/projectui-open-files/2">
        <group>
            <file>file:/F:/Proyecto/PROYECTOJADJ/src/Entidades/Tecnico.java</file>
            <file>file:/F:/Proyecto/PROYECTOJADJ/src/Vista/Vista.java</file>
            <file>file:/F:/Proyecto/PROYECTOJADJ/src/Persistencia/IListaTecnico.java</file>
            <file>file:/F:/Proyecto/PROYECTOJADJ/src/Persistencia/ListaServicio.java</file>
            <file>file:/F:/Proyecto/PROYECTOJADJ/src/Entidades/Login.java</file>
            <file>file:/F:/Proyecto/PROYECTOJADJ/src/Logica/LogicaFactura.java</file>
            <file>file:/F:/Proyecto/PROYECTOJADJ/src/Entidades/Factura.java</file>
            <file>file:/F:/Proyecto/PROYECTOJADJ/src/Logica/LogicaEmpleado.java</file>
            <file>file:/F:/Proyecto/PROYECTOJADJ/src/Entidades/TUnico.java</file>
            <file>file:/F:/Proyecto/PROYECTOJADJ/src/Persistencia/ListaFactura.java</file>
            <file>file:/F:/Proyecto/PROYECTOJADJ/src/Vista/PROYECTOJADJ.java</file>
            <file>file:/F:/Proyecto/PROYECTOJADJ/src/Persistencia/IListaFactura.java</file>
            <file>file:/F:/Proyecto/PROYECTOJADJ/src/Entidades/Servicio.java</file>
            <file>file:/F:/Proyecto/PROYECTOJADJ/src/Persistencia/ListaTecnico.java</file>
            <file>file:/F:/Proyecto/PROYECTOJADJ/src/Entidades/Nomina.java</file>
            <file>file:/F:/Proyecto/PROYECTOJADJ/src/Vista/Entrada.java</file>
            <file>file:/F:/Proyecto/PROYECTOJADJ/src/Entidades/Alineacion.java</file>
            <file>file:/F:/Proyecto/PROYECTOJADJ/src/Persistencia/IListaServicio.java</file>
            <file>file:/F:/Proyecto/PROYECTOJADJ/src/Entidades/TMultiservicio.java</file>
            <file>file:/F:/Proyecto/PROYECTOJADJ/src/Entidades/Vehiculo.java</file>
            <file>file:/F:/Proyecto/PROYECTOJADJ/src/Logica/LogicaServicio.java</file>
        </group>
    </open-files>
</project-private>
